{
  "microschool": {
    "enrollment": [
      12,
      18,
      22,
      25,
      25
    ],
    "revenue": [
      184666.66666666666,
      340512,
      427945.8,
      500517.5,
      516085
    ],
    "staffingCost": [
      118934.16666666667,
      147002.63,
      151412.70889999997,
      155955.09016700002,
      160633.74287201
    ],
    "facilityCost": [
      30000,
      37050,
      38130.75,
      39243.15375,
      40388.14164375
    ],
    "opex": [
      10500,
      17835,
      21642.875,
      24768.484374999993,
      25387.69648437499
    ],
    "totalExpenses": [
      166393.97521726086,
      208847.43855059418,
      218146.14245059414,
      226926.53684259419,
      233369.38955072916
    ],
    "netIncome": [
      18272.6914494058,
      131664.56144940582,
      209799.65754940585,
      273590.96315740584,
      282715.6104492708
    ],
    "netMargin": [
      0.098949592686313,
      0.38666643598288997,
      0.4902481986022666,
      0.5466161785699918,
      0.5478082301350956
    ],
    "dscr": [
      3.63,
      19.92,
      31.14,
      40.31,
      41.62
    ],
    "staffingPctOfRevenue": [
      0.6440478339350181,
      0.4317105711399305,
      0.3538128167165094,
      0.31158768707787443,
      0.3112544307081392
    ],
    "cashPosition": [
      33272.6914494058,
      164937.25289881162,
      374736.9104482175,
      648327.8736056234,
      931043.4840548942
    ],
    "cashRunwayMonths": 60,
    "reserveMonths": 47.1,
    "breakEvenYear": 1,
    "loanDebtService": [
      6959.808550594179,
      6959.808550594179,
      6959.808550594179,
      6959.808550594179,
      6959.808550594179
    ]
  },
  "privateSchool": {
    "enrollment": [
      100,
      130,
      160,
      185,
      200
    ],
    "revenue": [
      1975000,
      2612670,
      3286760,
      3895050,
      4323000
    ],
    "staffingCost": [
      854772,
      854772,
      854772,
      854772,
      854772
    ],
    "facilityCost": [
      136400,
      140492,
      144705.8,
      149045.154,
      153511.89862000002
    ],
    "opex": [
      146500,
      181210,
      217905,
      251209,
      274889
    ],
    "totalExpenses": [
      1196736.393166008,
      1220538.393166008,
      1261447.193166008,
      1294090.547166008,
      1322237.291786008
    ],
    "netIncome": [
      778263.6068339921,
      1392131.606833992,
      2025312.806833992,
      2600959.452833992,
      3000762.708213992
    ],
    "netMargin": [
      0.3940575224475909,
      0.5328386695732688,
      0.6162034364644793,
      0.6677602220341181,
      0.6941389563298617
    ],
    "dscr": [
      23.85,
      41.87,
      60.46,
      77.35,
      89.09
    ],
    "staffingPctOfRevenue": [
      0.4327959493670886,
      0.3271641653940222,
      0.26006523141330673,
      0.21945084145261293,
      0.1977265787647467
    ],
    "cashPosition": [
      853263.6068339921,
      2245395.213667984,
      4270708.020501976,
      6871667.473335968,
      9872430.18154996
    ],
    "cashRunwayMonths": 60,
    "reserveMonths": 88.9,
    "breakEvenYear": 1,
    "loanDebtService": [
      34064.39316600799,
      34064.39316600799,
      34064.39316600799,
      34064.39316600799,
      34064.39316600799
    ]
  },
  "charter": {
    "enrollment": [
      120,
      200,
      300,
      375,
      400
    ],
    "revenue": [
      1288333.3333333333,
      2522800,
      3784600,
      4759125,
      5184400
    ],
    "staffingCost": [
      997040.4166666667,
      1478600.5,
      1796021.5,
      2042904.5,
      2113442.5
    ],
    "facilityCost": [
      235000,
      290460,
      299166.4,
      308150.032,
      317392.90296000004
    ],
    "opex": [
      310000,
      597400,
      891355,
      1130939,
      1237531
    ],
    "totalExpenses": [
      1706865.0218878463,
      2456285.1052211793,
      3076367.505221179,
      3556818.1372211794,
      3738191.0081811794
    ],
    "netIncome": [
      -418531.68855451304,
      66514.89477882069,
      708232.4947788208,
      1202306.8627788206,
      1446208.9918188206
    ],
    "netMargin": [
      -0.32486288891682774,
      0.026365504510393486,
      0.1871353629918144,
      0.2526319150639709,
      0.27895397573852726
    ],
    "dscr": [
      -7.4,
      2.33,
      15.21,
      25.13,
      30.03
    ],
    "staffingPctOfRevenue": [
      0.7738994178525227,
      0.5860950134770889,
      0.474560455530307,
      0.4292605258319544,
      0.40765421263791374
    ],
    "cashPosition": [
      -368531.68855451304,
      -302016.79377569235,
      406215.70100312843,
      1608522.563781949,
      3054731.55560077
    ],
    "cashRunwayMonths": 3,
    "reserveMonths": 9.6,
    "breakEvenYear": 2,
    "loanDebtService": [
      49824.605221179416,
      49824.605221179416,
      49824.605221179416,
      49824.605221179416,
      49824.605221179416
    ]
  },
  "driverCoverage": {
    "enrollment": [
      10,
      15,
      20,
      25,
      25
    ],
    "revenue": [
      88600,
      126600,
      164600,
      202600,
      202600
    ],
    "staffingCost": [
      86120,
      86120,
      86120,
      86120,
      86120
    ],
    "facilityCost": [
      18000,
      18000,
      18000,
      18000,
      18000
    ],
    "opex": [
      10158,
      12248,
      14738,
      17228,
      16828
    ],
    "totalExpenses": [
      127477.84045882849,
      128067.84045882849,
      131057.84045882849,
      134047.8404588285,
      133647.8404588285
    ],
    "netIncome": [
      -38877.84045882849,
      -1467.8404588284902,
      33542.15954117151,
      68552.15954117151,
      68952.15954117151
    ],
    "netMargin": [
      -0.43880181104772564,
      -0.011594316420446211,
      0.2037798271031076,
      0.3383620905289808,
      0.3403364241913697
    ],
    "dscr": [
      -5.7,
      0.75,
      6.78,
      12.82,
      12.89
    ],
    "staffingPctOfRevenue": [
      0.9720090293453725,
      0.6802527646129541,
      0.5232077764277036,
      0.4250740375123396,
      0.4250740375123396
    ],
    "cashPosition": [
      11122.15954117151,
      9654.31908234302,
      43196.47862351453,
      111748.63816468604,
      180700.79770585755
    ],
    "cashRunwayMonths": 60,
    "reserveMonths": 11.7,
    "breakEvenYear": 3,
    "loanDebtService": [
      5799.840458828483,
      5799.840458828483,
      5799.840458828483,
      5799.840458828483,
      5799.840458828483
    ]
  }
}
